{"cameraMode":{"drawMode":0,"name":"Shaded","section":"Shading Mode"},"sceneLighting":true,"audioPlay":false,"sceneViewState":{"m_AlwaysRefresh":false,"showFog":true,"showSkybox":true,"showFlares":true,"showImageEffects":true,"showParticleSystems":true,"showVisualEffectGraphs":true,"m_FxEnabled":true},"in2DMode":false,"pivot":{"x":1.5979251861572266,"y":-1.5759035348892213,"z":-3.3217849731445314},"rotation":{"x":0.04798103868961334,"y":-0.005695302505046129,"z":0.0002753759908955544,"w":0.9988240599632263},"size":5.548320293426514,"orthographic":false}