{"cameraMode":{"drawMode":0,"name":"Shaded","section":"Shading Mode"},"sceneLighting":true,"audioPlay":false,"sceneViewState":{"m_AlwaysRefresh":false,"showFog":true,"showSkybox":true,"showFlares":true,"showImageEffects":true,"showParticleSystems":true,"showVisualEffectGraphs":true,"m_FxEnabled":true},"in2DMode":false,"pivot":{"x":-0.8761849999427795,"y":0.17055177688598634,"z":-0.30612289905548098},"rotation":{"x":0.0005816347547806799,"y":-0.9960513710975647,"z":0.08838193118572235,"w":0.00656864931806922},"size":1.437447190284729,"orthographic":false}