{"cameraMode":{"drawMode":0,"name":"Shaded","section":"Shading Mode"},"sceneLighting":true,"audioPlay":false,"sceneViewState":{"m_AlwaysRefresh":false,"showFog":true,"showSkybox":true,"showFlares":true,"showImageEffects":true,"showParticleSystems":true,"showVisualEffectGraphs":true,"m_FxEnabled":true},"in2DMode":false,"pivot":{"x":-1.1693294048309327,"y":-5.007920265197754,"z":5.430386543273926},"rotation":{"x":0.3641786575317383,"y":0.06835838407278061,"z":-0.026812927797436715,"w":0.9284281730651856},"size":17.686296463012697,"orthographic":false}