{"cameraMode":{"drawMode":0,"name":"Shaded","section":"Shading Mode"},"sceneLighting":true,"audioPlay":false,"sceneViewState":{"m_AlwaysRefresh":false,"showFog":true,"showSkybox":true,"showFlares":true,"showImageEffects":true,"showParticleSystems":true,"showVisualEffectGraphs":true,"m_FxEnabled":true},"in2DMode":false,"pivot":{"x":12.889863967895508,"y":-2.530148506164551,"z":3.834430694580078},"rotation":{"x":0.21590061485767365,"y":0.040991101413965228,"z":-0.009071393869817257,"w":0.9755096435546875},"size":11.655840873718262,"orthographic":false}